{"cameraMode":{"drawMode":0,"name":"Shaded","section":"Shading Mode"},"sceneLighting":false,"audioPlay":false,"sceneViewState":{"m_AlwaysRefresh":false,"showFog":true,"showSkybox":false,"showFlares":true,"showImageEffects":true,"showParticleSystems":true,"showVisualEffectGraphs":true,"m_FxEnabled":false},"in2DMode":false,"pivot":{"x":-16.440902709960939,"y":40.156532287597659,"z":18.650482177734376},"rotation":{"x":-0.15684017539024354,"y":0.3187240660190582,"z":-0.05356305092573166,"w":-0.9332690238952637},"size":153.71615600585938,"orthographic":false}